e0512defb41d9c610715bb014fed321694149c9a,DELETE,regular-file,library-frontend/node_modules/.cache/default-development/0.pack,2115681,
ab105d501d36690c1a6043b2742daed705a9a595,DELETE,regular-file,library-frontend/node_modules/.cache/default-development/1.pack,592042,
551e97db44b7d9637390cc5748179ced4cdd714a,DELETE,regular-file,library-frontend/node_modules/.cache/default-development/10.pack,141416,
7b93891b4cb629992d6d28e51c47d42874d51fb7,DELETE,regular-file,library-frontend/node_modules/.cache/default-development/12.pack,122553,
545370e5c4d39661ff66473274a4f2c7b4a7124e,DELETE,regular-file,library-frontend/node_modules/.cache/default-development/13.pack,152901,
1a6dbf2d9af734fd9ed1a7d6f57198f8f2c75027,DELETE,regular-file,library-frontend/node_modules/.cache/default-development/2.pack,222262,
bddd44c7c338d29acf3c696a66788f73f6ecc769,DELETE,regular-file,library-frontend/node_modules/.cache/default-development/3.pack,348029,
f451bf7fc6ab16013d1319af613cfa32510726e2,DELETE,regular-file,library-frontend/node_modules/.cache/default-development/4.pack,1096641,
730a6efc2a2f7aacde282a4d094046dba4299474,DELETE,regular-file,library-frontend/node_modules/.cache/default-development/5.pack,107855,
9b3d439b803eae1562eac5982b654677e26069b8,DELETE,regular-file,library-frontend/node_modules/.cache/default-development/6.pack,220776,
796547f45bd4e00e2d8abff057c16077c6152dda,DELETE,regular-file,library-frontend/node_modules/.cache/default-development/7.pack,467734,
2735086378dfec39d96d02323786d768c180e3d6,DELETE,regular-file,library-frontend/node_modules/.cache/default-development/8.pack,49938863,
d73271cd0122f03691ece4cfff9d31c102431af4,DELETE,regular-file,library-frontend/node_modules/.cache/default-development/9.pack,139585,
5f94a72d7b9305ab3bff2639f481e7c0dc193640,DELETE,regular-file,library-frontend/node_modules/.cache/default-development/index.pack,3674642,
